Customer,Arrival_time,Wait,Service_Start_time,Service_Time,Service_End_time
1,0.4683567735885531,0.0,0.4683567735885531,0.29973115744628787,0.768087931034841
2,1.852273114801549,0.0,1.852273114801549,0.4706812748364672,2.3229543896380163
3,2.8389359513346246,0.0,2.8389359513346246,1.7289757518683124,4.567911703202937
4,4.244753028058348,0.3231586751445894,4.567911703202937,1.974422693056918,6.5423343962598555
5,6.074761754573352,0.4675726416865036,6.5423343962598555,0.01177399854965042,6.554108394809506
6,7.3684035670010015,0.0,7.3684035670010015,0.92518715668119,8.293590723682192
7,12.289222404640194,0.0,12.289222404640194,0.5299531226687468,12.819175527308941
8,12.743986753062282,0.0751887742466586,12.819175527308941,0.5987243402835603,13.417899867592501
9,12.827249656144074,0.5906502114484269,13.417899867592501,1.3874175006628824,14.805317368255384
10,14.131783183739065,0.6735341845163187,14.805317368255384,0.16324218370829047,14.968559551963674
11,19.402088608108205,0.0,19.402088608108205,1.2175416192670843,20.61963022737529
12,22.651952054383983,0.0,22.651952054383983,2.2311542927609724,24.883106347144956
13,25.506149874894003,0.0,25.506149874894003,1.3291746961846655,26.83532457107867
14,27.09329145356841,0.0,27.09329145356841,0.6250018749037286,27.718293328472136
15,28.191947749177885,0.0,28.191947749177885,0.5951515241767191,28.787099273354603
16,29.796898461166407,0.0,29.796898461166407,2.530995747160956,32.327894208327365
17,31.091386775888946,1.2365074324384189,32.327894208327365,3.131813748019089,35.459707956346456
18,31.590012770084712,3.869695186261744,35.459707956346456,2.043665753988088,37.50337371033454
19,33.618403378803315,3.8849703315312283,37.50337371033454,1.306175148251716,38.80954885858626
20,33.65167578760249,5.157873070983769,38.80954885858626,0.538744730949596,39.34829358953586
21,34.854433902327344,4.493859687208513,39.34829358953586,0.707688283069821,40.05598187260568
22,35.032376033220345,5.023605839385333,40.05598187260568,0.546081920396767,40.60206379300244
23,36.680953056806594,3.9211107361958497,40.60206379300244,0.3546140837501215,40.956677876752565
24,39.09944195501812,1.8572359217344427,40.956677876752565,0.34144267717088955,41.298120553923454
25,39.1759389851747,2.1221815687487506,41.298120553923454,0.19993714836848253,41.49805770229194
26,42.12737536427219,0.0,42.12737536427219,0.8062173616024686,42.93359272587466
27,43.61327948073988,0.0,43.61327948073988,2.630688096566873,46.24396757730675
28,44.45758353576732,1.7863840415394279,46.24396757730675,3.789200121534151,50.0331676988409
29,45.46302320716025,4.570144491680651,50.0331676988409,0.35754205367799125,50.39070975251889
30,48.99152299997426,1.3991867525446295,50.39070975251889,0.13296087245342517,50.52367062497231
31,50.55427631233478,0.0,50.55427631233478,1.8249295624432482,52.37920587477802
32,51.91522964450807,0.4639762302699566,52.37920587477802,0.17646780718596955,52.555673681963995
33,52.639053848409766,0.0,52.639053848409766,4.2342153974158,56.87326924582557
34,52.98211885456123,3.8911503912643397,56.87326924582557,0.3945288908239555,57.267798136649525
35,55.94867777856639,1.3191203580831328,57.267798136649525,0.2752759160984498,57.543074052747976
36,57.40719664685767,0.13587740589030517,57.543074052747976,0.30792893276382594,57.851002985511805
37,63.20536982264404,0.0,63.20536982264404,0.2785910287008445,63.48396085134488
38,64.29869062990159,0.0,64.29869062990159,2.17417017379154,66.47286080369312
39,66.88870737398722,0.0,66.88870737398722,0.23706500028825475,67.12577237427547
40,69.38364914824669,0.0,69.38364914824669,1.0379566434687748,70.42160579171546
41,71.94613105341182,0.0,71.94613105341182,0.9996629005156821,72.9457939539275
42,77.77984895768324,0.0,77.77984895768324,0.24875272468941162,78.02860168237265
43,81.88283786654745,0.0,81.88283786654745,0.8312155172924655,82.71405338383991
44,86.12021333158663,0.0,86.12021333158663,0.33445687878363395,86.45467021037027
45,86.19165808231345,0.26301212805681473,86.45467021037027,0.33698214913764285,86.7916523595079
46,86.30674416288566,0.4849081966222428,86.7916523595079,1.0952834838241816,87.88693584333208
47,86.64121187651777,1.2457239668143103,87.88693584333208,0.16246779895095761,88.04940364228304
48,89.31700308712773,0.0,89.31700308712773,1.18421030938181,90.50121339650954
49,90.15802974020096,0.3431836563085824,90.50121339650954,0.10922177029187803,90.61043516680142
50,92.28353987702349,0.0,92.28353987702349,1.1193412850239415,93.40288116204742
51,93.52200824090188,0.0,93.52200824090188,0.21998330323300952,93.74199154413489
52,95.13940465356188,0.0,95.13940465356188,5.056430331187844,100.19583498474972
53,103.47242565224889,0.0,103.47242565224889,0.5332006814842805,104.00562633373316
54,105.06067944323534,0.0,105.06067944323534,1.8908567505089124,106.95153619374426
55,114.61587761966295,0.0,114.61587761966295,0.31730085752054826,114.9331784771835
56,115.23354101357265,0.0,115.23354101357265,0.07060309380735386,115.30414410738
57,116.95440706292975,0.0,116.95440706292975,0.637741724130779,117.59214878706052
58,117.08183098686911,0.5103178001914159,117.59214878706052,0.442484889645389,118.03463367670591
59,117.29074933940771,0.7438843372981978,118.03463367670591,0.4056743540377477,118.44030803074365
60,118.6390740399809,0.0,118.6390740399809,0.8603187101222656,119.49939275010317
61,120.43918378863533,0.0,120.43918378863533,0.1570909092217275,120.59627469785706
62,124.0114347758892,0.0,124.0114347758892,0.2859498377080331,124.29738461359723
63,125.42120725071051,0.0,125.42120725071051,0.3124701167767952,125.7336773674873
64,126.09221627431486,0.0,126.09221627431486,1.0481266812281944,127.14034295554306
65,130.45812757819934,0.0,130.45812757819934,0.627236454550476,131.08536403274982
66,130.8457596974666,0.239604335283218,131.08536403274982,0.046332819664456695,131.13169685241428
67,132.2052669042346,0.0,132.2052669042346,1.8424038672761593,134.04767077151075
68,133.5531027494546,0.4945680220561428,134.04767077151075,0.09271424195957471,134.14038501347034
69,133.82445050232667,0.31593451114366644,134.14038501347034,0.8698047149471473,135.0101897284175
70,134.46096645061232,0.5492232778051687,135.0101897284175,0.43742792480027265,135.44761765321775
71,135.8216906095774,0.0,135.8216906095774,0.38590945284646766,136.20760006242386
72,136.36717375811793,0.0,136.36717375811793,0.4923838476674002,136.85955760578534
73,139.71909657775547,0.0,139.71909657775547,0.6976703735531705,140.41676695130863
74,143.54053069618425,0.0,143.54053069618425,0.569330381485556,144.1098610776698
75,151.9563394738157,0.0,151.9563394738157,0.9690913570272888,152.92543083084297
76,153.95104820217685,0.0,153.95104820217685,0.15046451156497556,154.1015127137418
77,157.00428015815433,0.0,157.00428015815433,0.7518665461618305,157.75614670431617
78,159.43804434784556,0.0,159.43804434784556,0.09497213322457455,159.53301648107015
79,159.53961430379496,0.0,159.53961430379496,0.9791648599357874,160.51877916373076
80,162.92984420199647,0.0,162.92984420199647,0.5664749060835919,163.49631910808006
81,166.57261037177952,0.0,166.57261037177952,3.081616980970214,169.65422735274973
82,169.40720623526508,0.24702111748464972,169.65422735274973,1.1968148752955583,170.8510422280453
83,171.29590241486494,0.0,171.29590241486494,0.4901527144609609,171.7860551293259
84,172.80240987771148,0.0,172.80240987771148,1.967937673171367,174.77034755088286
85,174.45438791658253,0.31595963430032725,174.77034755088286,4.344558021556863,179.1149055724397
86,175.06594155868567,4.048964013754045,179.1149055724397,0.557445792583648,179.67235136502336
87,178.32685046914983,1.3455008958735277,179.67235136502336,0.007484226420048884,179.6798355914434
88,179.32060775093817,0.35922784050524115,179.6798355914434,0.031744303028974,179.71157989447238
89,179.32406693256053,0.38751296191185247,179.71157989447238,0.7188330271155956,180.430412921588
90,179.73394631306908,0.6964666085189037,180.430412921588,0.11941881591220598,180.5498317375002
91,180.9438504992659,0.0,180.9438504992659,2.6093773654594212,183.5532278647253
92,182.98816248418422,0.5650653805410855,183.5532278647253,1.1003406653621983,184.6535685300875
93,183.01172638624723,1.6418421438402788,184.6535685300875,0.5964455922425348,185.25001412233004
94,185.95060208843225,0.0,185.95060208843225,0.38677153973238193,186.33737362816464
95,186.8275275061496,0.0,186.8275275061496,0.9944079275203479,187.82193543366995
96,188.18918084035107,0.0,188.18918084035107,0.6320802154789489,188.82126105583
97,188.23684447004203,0.5844165857879773,188.82126105583,0.19841853951918387,189.0196795953492
98,189.53740530295647,0.0,189.53740530295647,1.2030527527390944,190.74045805569557
99,189.6965261148642,1.0439319408313565,190.74045805569557,3.587391206195154,194.32784926189072
100,189.74920460656645,4.578644655324268,194.32784926189072,3.08814962050181,197.41599888239253
101,192.6307360015541,4.785262880838417,197.41599888239253,0.8600229333678491,198.27602181576037
102,193.38858013863472,4.887441677125651,198.27602181576037,0.3176489716424702,198.59367078740286
103,193.84005890965855,4.753611877744305,198.59367078740286,0.2374658265301974,198.83113661393304
104,194.0478185987967,4.783318015136331,198.83113661393304,0.4580812308109789,199.28921784474403
105,194.06599353819158,5.223224306552453,199.28921784474403,0.2588153678724749,199.5480332126165
106,194.79105998155808,4.756973231058424,199.5480332126165,0.40413093970618974,199.9521641523227
107,199.45937652573247,0.49278762659022846,199.9521641523227,0.3841122197665158,200.3362763720892
108,199.67476079271856,0.6615155793706435,200.3362763720892,0.14831654474684042,200.48459291683605
109,203.5412772905522,0.0,203.5412772905522,1.4793408336845058,205.0206181242367
110,205.2398858727506,0.0,205.2398858727506,0.07715904822659987,205.3170449209772
111,206.51319919245415,0.0,206.51319919245415,0.06890342726365695,206.5821026197178
112,210.93574178910075,0.0,210.93574178910075,0.21960315323517635,211.15534494233592
113,211.63651300557706,0.0,211.63651300557706,0.09200420112963775,211.7285172067067
114,213.13354738058948,0.0,213.13354738058948,1.0522314081159425,214.18577878870542
115,213.98635526115802,0.19942352754739545,214.18577878870542,0.2588424227855465,214.44462121149095
116,215.96461357983074,0.0,215.96461357983074,0.6505665730038336,216.61518015283457
117,216.86886092703085,0.0,216.86886092703085,1.4252696184403735,218.29413054547123
118,217.38679496661098,0.9073355788602555,218.29413054547123,2.7062140338013396,221.00034457927256
119,217.51636314362872,3.483981435643841,221.00034457927256,0.6667266287564085,221.66707120802897
120,218.88610470011758,2.780966507911387,221.66707120802897,0.43848240540501665,222.10555361343398
121,220.4078819194823,1.6976716939516905,222.10555361343398,0.6833892595622408,222.78894287299622
122,220.6033892149779,2.185553658018307,222.78894287299622,0.7713031616205991,223.56024603461682
123,221.45624246687174,2.1040035677450817,223.56024603461682,0.36295006864837526,223.9231961032652
124,225.04522452352052,0.0,225.04522452352052,0.5998972950354402,225.64512181855596
125,225.57576112664432,0.06936069191164052,225.64512181855596,0.8940287361769519,226.5391505547329
126,226.26277728315299,0.27637327157992786,226.5391505547329,0.11455146207454424,226.65370201680744
127,227.03355164523313,0.0,227.03355164523313,0.40567889183608014,227.43923053706922
128,228.2689173112843,0.0,228.2689173112843,1.2144978623375728,229.48341517362186
129,229.44326125497344,0.040153918648428544,229.48341517362186,0.8878273451847246,230.37124251880658
130,229.93610138506412,0.4351411337424622,230.37124251880658,0.12946468906808206,230.50070720787465
131,230.91630972497225,0.0,230.91630972497225,7.2228328118377405,238.13914253681
132,232.84168980386144,5.297452732948557,238.13914253681,0.49429072014309217,238.63343325695308
133,234.52129199645748,4.112141260495605,238.63343325695308,0.8401063133627086,239.47353957031578
134,242.23446038809215,0.0,242.23446038809215,0.2251383424039415,242.45959873049608
135,243.00772889367732,0.0,243.00772889367732,0.8276197706907071,243.83534866436804
136,244.88051000107856,0.0,244.88051000107856,1.7392009944739706,246.61971099555254
137,247.07009950996067,0.0,247.07009950996067,1.5642561488659135,248.6343556588266
138,247.3254928460535,1.3088628127731,248.6343556588266,0.659085898648625,249.2934415574752
139,249.87172765506622,0.0,249.87172765506622,0.4776063255072782,250.3493339805735
140,251.19941120808517,0.0,251.19941120808517,0.3069356152346265,251.5063468233198
141,252.3484638559941,0.0,252.3484638559941,0.10125866499589962,252.44972252099
142,253.58092111254248,0.0,253.58092111254248,0.9932325611933996,254.57415367373588
143,254.2626621372274,0.31149153650846984,254.57415367373588,1.0170352708412806,255.59118894457717
144,254.35179478890788,1.239394155669288,255.59118894457717,0.5330283155496925,256.12421726012684
145,254.36864999234743,1.755567267779412,256.12421726012684,0.2189773326819947,256.34319459280886
146,255.382075815062,0.9611187777468615,256.34319459280886,0.37790661368323586,256.7211012064921
147,255.3887868264551,1.332314380037019,256.7211012064921,0.9032150798612832,257.6243162863534
148,255.39929689886415,2.2250193874892545,257.6243162863534,0.6116734521954417,258.2359897385488
149,255.9814044985156,2.2545852400332365,258.2359897385488,2.602347155891706,260.83833689444054
150,256.2779282342377,4.560408660202825,260.83833689444054,2.974174299029428,263.81251119346996
151,256.7445804353324,7.06793075813755,263.81251119346996,1.366831843674877,265.17934303714486
152,257.58396931181227,7.595373725332593,265.17934303714486,2.660853955968666,267.8401969931135
153,258.29389684256216,9.54630015055136,267.8401969931135,1.3817341517079313,269.22193114482144
154,261.2023883324739,8.019542812347538,269.22193114482144,1.0625242527004501,270.28445539752187
155,262.1274033993146,8.157051998207294,270.28445539752187,0.2516623363564366,270.5361177338783
156,262.38373382842633,8.152383905451984,270.5361177338783,0.6151327970466912,271.151250530925
157,264.2109672167521,6.940283314172859,271.151250530925,0.3801238640799541,271.53137439500495
158,265.0414248545073,6.489949540497662,271.53137439500495,0.07655400879865672,271.6079284038036
159,265.63687215416803,5.971056249635581,271.6079284038036,3.8827907663483496,275.490719170152
160,266.2357446269192,9.254974543232777,275.490719170152,0.6968630969275641,276.18758226707956
161,267.8793218494367,8.308260417642884,276.18758226707956,1.6781870493404838,277.86576931642
162,268.8194016272458,9.046367689174247,277.86576931642,0.12203034958496638,277.987799666005
163,270.49536998055885,7.4924296854461545,277.987799666005,2.456895900709932,280.4446955667149
164,270.75411632408077,9.690579242634158,280.4446955667149,2.4575531889783186,282.9022487556932
165,274.75852524733125,8.143723508361973,282.9022487556932,0.9835702599183092,283.8858190156115
166,279.08751076202503,4.79830825358647,283.8858190156115,0.1508263233144103,284.0366453389259
167,279.4807224006605,4.5559229382653825,284.0366453389259,0.869750459202159,284.9063957981281
168,279.8680451822342,5.038350615893876,284.9063957981281,0.8349758544250808,285.74137165255314
169,281.96539856151986,3.775973091033279,285.74137165255314,0.8230073014712134,286.56437895402433
170,284.0176625276746,2.5467164263497466,286.56437895402433,1.219239860206809,287.78361881423115
171,286.69355341000755,1.0900654042235942,287.78361881423115,1.521266716340528,289.30488553057165
172,292.9320634594317,0.0,292.9320634594317,0.13855933505848686,293.07062279449013
173,293.5126537616349,0.0,293.5126537616349,0.5297882995137699,294.0424420611487
174,294.31402983892445,0.0,294.31402983892445,0.2841828877476152,294.59821272667205
175,294.80223149595537,0.0,294.80223149595537,1.60316479228959,296.40539628824496
176,296.8559718134114,0.0,296.8559718134114,0.1036686586781582,296.9596404720895
177,297.6010795730413,0.0,297.6010795730413,1.2231289223014792,298.8242084953428
178,299.9957866706512,0.0,299.9957866706512,0.05490470102507654,300.0506913716763
179,300.721404843679,0.0,300.721404843679,0.5485439908290298,301.26994883450806
180,303.0526149627115,0.0,303.0526149627115,0.8066170302241733,303.8592319929357
181,305.235309956767,0.0,305.235309956767,0.3545791859039568,305.589889142671
182,305.95755250839517,0.0,305.95755250839517,0.0625587373512391,306.0201112457464
183,307.288319772002,0.0,307.288319772002,1.7496991862078852,309.0380189582099
184,309.03338452434815,0.004634433861724574,309.0380189582099,0.17094729869491165,309.2089662569048
185,310.21909027114845,0.0,310.21909027114845,1.2573248360114058,311.4764151071598
186,310.9830695489397,0.4933455582201418,311.4764151071598,2.4896176937958177,313.96603280095565
187,312.9303715600046,1.0356612409510717,313.96603280095565,0.09953527769430658,314.06556807864996
188,313.78757399817243,0.2779940804775265,314.06556807864996,0.25390974718825815,314.3194778258382
189,315.8120631574773,0.0,315.8120631574773,1.4783931479209313,317.29045630539827
190,316.6852443598581,0.6052119455401908,317.29045630539827,0.7320730305426041,318.0225293359409
191,324.91883993078864,0.0,324.91883993078864,0.6459980648752288,325.5648379956639
192,326.0269669397803,0.0,326.0269669397803,0.7808998537594175,326.80786679353974
193,327.32041795714736,0.0,327.32041795714736,0.7119282966074305,328.0323462537548
194,329.01611691106837,0.0,329.01611691106837,1.38941233454373,330.4055292456121
195,330.2068241880879,0.19870505752419376,330.4055292456121,0.6821552301872496,331.0876844757994
196,330.8333631170264,0.2543213587729838,331.0876844757994,0.15838046440157616,331.246064940201
197,331.2873354739134,0.0,331.2873354739134,0.523081887960069,331.8104173618735
198,332.352352819682,0.0,332.352352819682,1.345504641392803,333.69785746107476
199,332.7681362357214,0.9297212253533758,333.69785746107476,1.1442525510085768,334.8421100120833
200,335.78045353524857,0.0,335.78045353524857,0.04975453142445842,335.83020806667304
201,336.3210151980299,0.0,336.3210151980299,0.5975813471091588,336.91859654513905
202,337.27421061614,0.0,337.27421061614,1.9352040795637766,339.2094146957038
203,338.9439381683323,0.2654765273715043,339.2094146957038,0.7949991131073607,340.00441380881114
204,341.87115965658444,0.0,341.87115965658444,3.1654918945001858,345.0366515510846
205,343.4761676126237,1.5604839384608908,345.0366515510846,0.6982077277346413,345.7348592788193
206,343.5678012447487,2.1670580340705783,345.7348592788193,0.15096033921241198,345.8858196180317
207,345.058993695062,0.8268259229697037,345.8858196180317,0.6703612370336699,346.55618085506535
208,346.71773443091837,0.0,346.71773443091837,4.3316755942227445,351.0494100251411
209,349.6538052811254,1.3956047440157135,351.0494100251411,0.88169283571884,351.93110286086
210,349.91359590911253,2.017506951747464,351.93110286086,1.521101506355516,353.45220436721553
211,350.6550420537049,2.7971623135106256,353.45220436721553,0.1646436078655804,353.6168479750811
212,354.0477598903354,0.0,354.0477598903354,0.6402373024317778,354.68799719276717
213,354.05308098810445,0.6349162046627157,354.68799719276717,1.5894872802560287,356.2774844730232
214,357.5397124312457,0.0,357.5397124312457,0.0004581844222154545,357.5401706156679
215,360.3283217565732,0.0,360.3283217565732,0.5699691347041607,360.8982908912773
216,360.99542385368335,0.0,360.99542385368335,2.353883037792511,363.34930689147586
217,363.2850598310335,0.06424706044236927,363.34930689147586,0.08628571166187529,363.43559260313776
218,365.4538209478884,0.0,365.4538209478884,0.10999141654889413,365.5638123644373
219,367.8213030144852,0.0,367.8213030144852,0.12009824595509129,367.9414012604403
220,370.95373326419434,0.0,370.95373326419434,0.6969039523898909,371.65063721658424
221,372.77238150405344,0.0,372.77238150405344,1.4551051050597326,374.22748660911316
222,373.995067265727,0.232419343386141,374.22748660911316,0.38697126652769187,374.6144578756408
223,375.25550280440626,0.0,375.25550280440626,1.006347293625182,376.26185009803146
224,375.37675284942577,0.885097248605689,376.26185009803146,0.6451996436468385,376.9070497416783
225,375.7237687561658,1.1832809855125106,376.9070497416783,0.06084867545189323,376.9678984171302
226,376.3423221611388,0.6255762559914047,376.9678984171302,0.40769697975933267,377.37559539688954
227,377.9720174895373,0.0,377.9720174895373,1.3972979588958705,379.36931544843316
228,381.20068774638946,0.0,381.20068774638946,0.30330654446259725,381.50399429085206
229,386.69656662708405,0.0,386.69656662708405,0.8025988140014962,387.49916544108555
230,388.66691252188724,0.0,388.66691252188724,0.37180886961916054,389.0387213915064
231,389.43587083425126,0.0,389.43587083425126,0.37069098886886614,389.80656182312015
232,389.7898409514538,0.016720871666336734,389.80656182312015,1.3925657735205133,391.19912759664066
233,389.9746912206484,1.2244363759922408,391.19912759664066,0.9799672190889509,392.1790948157296
234,392.15394300995746,0.025151805772168245,392.1790948157296,1.0594694062245273,393.23856422195416
235,394.0213614821097,0.0,394.0213614821097,2.11052131256963,396.1318827946793
236,394.0841549901395,2.047727804539818,396.1318827946793,0.8631757213519323,396.99505851603124
237,394.28905277800095,2.706005738030285,396.99505851603124,0.10618513322200128,397.10124364925326
238,398.00320773476426,0.0,398.00320773476426,0.1168326356249016,398.1200403703892
239,402.07086639154574,0.0,402.07086639154574,0.9291172539332218,402.99998364547895
240,403.6642746442051,0.0,403.6642746442051,0.9459769351539814,404.61025157935904
241,407.79875444136576,0.0,407.79875444136576,2.9135202668767595,410.71227470824255
242,408.4055099330055,2.3067647752370704,410.71227470824255,0.9296052725387063,411.64187998078125
243,408.85744291558757,2.7844370651936856,411.64187998078125,1.4280852349346351,413.0699652157159
244,411.2277810955217,1.8421841201941902,413.0699652157159,0.665839438391742,413.73580465410765
245,413.4566509038812,0.27915375022644184,413.73580465410765,1.0738322132172426,414.8096368673249
246,413.8339045331273,0.9757323341976303,414.8096368673249,0.545060899287817,415.35469776661273
247,420.5355561999661,0.0,420.5355561999661,3.267450112908589,423.8030063128747
248,420.8379472166504,2.9650590962243086,423.8030063128747,0.04050811918106366,423.84351443205577
249,422.38329291500236,1.4602215170534123,423.84351443205577,0.9647415541993022,424.80825598625506
250,422.95342611526183,1.8548298709932283,424.80825598625506,1.062654431428368,425.87091041768343
251,423.6533634794395,2.2175469382439132,425.87091041768343,1.6353932781756066,427.50630369585906
252,426.4942198433172,1.0120838525418776,427.50630369585906,0.632907635038144,428.1392113308972
253,429.01404968863756,0.0,429.01404968863756,0.8698003616093778,429.8838500502469
254,429.76099242069563,0.12285762955127666,429.8838500502469,0.7527565873510168,430.63660663759794
255,429.98346724764707,0.6531393899508657,430.63660663759794,1.4346111827566606,432.0712178203546
256,431.6044305795917,0.4667872407629261,432.0712178203546,0.8780879763858056,432.9493057967404
257,432.2856028826965,0.6637029140439381,432.9493057967404,0.051856408484882814,433.0011622052253
258,435.1173921596283,0.0,435.1173921596283,1.9682793073483398,437.08567146697663
259,437.8283662588327,0.0,437.8283662588327,0.16294666228483515,437.9913129211175
260,439.1474657321893,0.0,439.1474657321893,0.682441690973034,439.8299074231623
261,439.7125975844247,0.11730983873758305,439.8299074231623,0.3889118024432111,440.2188192256055
262,442.576244301761,0.0,442.576244301761,0.3345938200322266,442.91083812179323
263,445.7189331401553,0.0,445.7189331401553,0.9850983556328405,446.7040314957881
264,446.30037872821873,0.4036527675693833,446.7040314957881,0.13629822488251114,446.84032972067064
265,450.25149419887885,0.0,450.25149419887885,1.5790080690844683,451.8305022679633
266,452.13440943423643,0.0,452.13440943423643,0.9416818569574221,453.07609129119385
267,455.18127805051114,0.0,455.18127805051114,1.559761696067425,456.74103974657856
268,457.3890206076228,0.0,457.3890206076228,0.22622873298520638,457.615249340608
269,459.5277529995485,0.0,459.5277529995485,0.1423456320499334,459.6700986315984
270,459.8822382702219,0.0,459.8822382702219,0.6412906531429681,460.52352892336484
271,465.87022047092773,0.0,465.87022047092773,0.4146473674761498,466.2848678384039
272,466.03309222505027,0.2517756133536295,466.2848678384039,0.6485937998681156,466.93346163827204
273,467.32920742614414,0.0,467.32920742614414,0.2037297150204037,467.53293714116455
274,467.6183424759229,0.0,467.6183424759229,1.1808588887915366,468.7992013647144
275,468.1302190629303,0.6689823017841263,468.7992013647144,0.257411341213818,469.0566127059282
276,472.13425617612063,0.0,472.13425617612063,1.3643396215722627,473.4985957976929
277,475.48733082711004,0.0,475.48733082711004,2.508834669373865,477.9961654964839
278,475.7193855088204,2.276779987663531,477.9961654964839,0.9026085828601488,478.89877407934404
279,476.6884386766047,2.2103354027393607,478.89877407934404,0.5790850918268151,479.47785917117085
280,477.8699460507705,1.607913120400326,479.47785917117085,0.2507578358130975,479.72861700698394
281,478.35472593865455,1.3738910683293852,479.72861700698394,1.763427094235777,481.49204410121973
282,484.07781826211476,0.0,484.07781826211476,1.193210080379062,485.2710283424938
283,484.78793131230134,0.4830970301924822,485.2710283424938,1.4957921374460905,486.7668204799399
284,486.50076956675434,0.26605091318555196,486.7668204799399,0.7202365208102943,487.4870570007502
285,487.73861887363654,0.0,487.73861887363654,0.2927668526729162,488.03138572630945
286,489.90023923147265,0.0,489.90023923147265,0.7065198132968039,490.60675904476943
287,490.64800180872527,0.0,490.64800180872527,0.408251534187545,491.05625334291284
288,491.1988934978637,0.0,491.1988934978637,0.13494702661930663,491.33384052448304
289,491.9653401791222,0.0,491.9653401791222,0.5594429905597857,492.524783169682
290,491.99227950079614,0.5325036688858518,492.524783169682,0.2951759698634983,492.8199591395455
291,493.32036862624716,0.0,493.32036862624716,0.37074170622819913,493.6911103324754
292,493.9846554278155,0.0,493.9846554278155,0.28620957427492294,494.27086500209043
293,496.1426693354843,0.0,496.1426693354843,0.8289144428117642,496.97158377829606
294,496.59415789857815,0.37742587971791863,496.97158377829606,0.434240612862923,497.405824391159
295,497.24282626497495,0.16299812618404985,497.405824391159,4.850239727895694,502.2560641190547
296,498.2436386583679,4.0124254606868135,502.2560641190547,1.815669780214453,504.0717338992692
297,500.25927104818504,3.812462851084149,504.0717338992692,0.06431874942475545,504.1360526486939
298,504.1451472944375,0.0,504.1451472944375,0.024734410798550658,504.16988170523604
299,504.5665437523205,0.0,504.5665437523205,0.9297231080293167,505.4962668603498
300,508.27562685174973,0.0,508.27562685174973,3.3626373713297806,511.6382642230795
301,508.3093459760111,3.3289182470683727,511.6382642230795,1.4214849596997248,513.0597491827792
302,511.0627352640763,1.997013918702919,513.0597491827792,2.50445650574941,515.5642056885287
303,512.1665651657089,3.3976405228197564,515.5642056885287,1.8972529065215593,517.4614585950502
304,512.7806570500217,4.680801545028544,517.4614585950502,0.23344315860215414,517.6949017536524
305,512.8904241845999,4.804477569052551,517.6949017536524,0.2877345195438013,517.9826362731962
306,515.4360849634494,2.54655130974686,517.9826362731962,0.8093314789359243,518.7919677521322
307,515.6213442245166,3.1706235276155894,518.7919677521322,1.5846247363947756,520.376592488527
308,517.1839179894266,3.192674499100349,520.376592488527,0.5095308305540492,520.886123319081
309,519.3935556117581,1.4925677073229053,520.886123319081,1.1908840479665623,522.0770073670475
310,521.7893892595029,0.28761810754463113,522.0770073670475,0.6692596170962601,522.7462669841437
311,522.9064552850591,0.0,522.9064552850591,0.36828198577834564,523.2747372708375
312,524.0381111248337,0.0,524.0381111248337,0.8266444547892552,524.864755579623
313,526.523505862167,0.0,526.523505862167,1.4139063637826572,527.9374122259496
314,526.5795291671793,1.3578830587703123,527.9374122259496,2.193250402005826,530.1306626279554
315,528.3227091658481,1.8079534621073208,530.1306626279554,0.8605518278693239,530.9912144558248
316,528.3756537019948,2.615560753829982,530.9912144558248,0.00892169933745865,531.0001361551622
317,528.9720591302805,2.028077024881668,531.0001361551622,1.2887847184222785,532.2889208735845
318,530.5522458750862,1.7366749984983016,532.2889208735845,0.3102462736115235,532.599167147196
319,531.203923943594,1.3952432036020355,532.599167147196,0.9539377363991738,533.5531048835952
320,531.8977540549214,1.6553508286738179,533.5531048835952,0.1263119326601514,533.6794168162554
321,532.252806067994,1.4266107482613961,533.6794168162554,0.340026834470213,534.0194436507256
322,532.9759536294871,1.04349002123854,534.0194436507256,0.36062430835124065,534.3800679590769
323,533.3294037217827,1.0506642372941997,534.3800679590769,0.5846462616273513,534.9647142207042
324,534.1304329823528,0.8342812383514229,534.9647142207042,2.5627473020402918,537.5274615227445
325,535.1514735177689,2.375988004975625,537.5274615227445,0.12830021297932545,537.6557617357238
326,538.27637366649,0.0,538.27637366649,0.24935136925028425,538.5257250357403
327,540.6540078809669,0.0,540.6540078809669,0.13696703314337746,540.7909749141103
328,540.9679638684087,0.0,540.9679638684087,1.1748949882596136,542.1428588566683
329,541.4242440421402,0.7186148145281095,542.1428588566683,0.7368417031942137,542.8797005598625
330,541.7787372391045,1.1009633207579554,542.8797005598625,1.201353482594101,544.0810540424566
331,542.1865910034909,1.8944630389656822,544.0810540424566,0.7637593432392414,544.8448133856958
332,543.9452547690807,0.8995586166150815,544.8448133856958,2.1877916052376394,547.0326049909335
333,544.0777222306592,2.954882760274245,547.0326049909335,2.103149247308348,549.1357542382418
334,544.126620352475,5.009133885766801,549.1357542382418,0.1234408018668294,549.2591950401087
335,544.2922405719937,4.966954468114977,549.2591950401087,1.4779681810718364,550.7371632211805
336,545.2466377175223,5.490525503658205,550.7371632211805,0.867587014879377,551.6047502360599
337,547.5320056741668,4.072744561893046,551.6047502360599,2.405015109004787,554.0097653450647
338,548.988333233032,5.021432112032699,554.0097653450647,0.20650781977577495,554.2162731648405
339,550.1809835264154,4.03528963842507,554.2162731648405,1.5875678821215906,555.803841046962
340,551.3342357085598,4.469605338402175,555.803841046962,0.11474277568067857,555.9185838226427
341,551.4091438581822,4.509439964460512,555.9185838226427,0.1269628627524013,556.0455466853952
342,552.6577308810323,3.3878158043628446,556.0455466853952,0.17950875193424448,556.2250554373294
343,553.404246763375,2.8208086739543887,556.2250554373294,1.0945456335397639,557.3196010708691
344,554.1620208365697,3.1575802342994166,557.3196010708691,0.650758867336308,557.9703599382054
345,556.2452305229725,1.7251294152329137,557.9703599382054,0.5920880806302183,558.5624480188357
346,558.157097123315,0.4053508955206553,558.5624480188357,0.6605310963760987,559.2229791152117
347,558.8473124590516,0.3756666561600923,559.2229791152117,2.427938228876307,561.650917344088
348,559.2099360603818,2.4409812837062645,561.650917344088,0.39204459929060925,562.0429619433786
349,559.4858764996997,2.557085443678943,562.0429619433786,1.4138116571265438,563.4567736005051
350,559.6099807012156,3.8467928992895395,563.4567736005051,1.6989510918552952,565.1557246923604
351,560.0305454913811,5.125179200979346,565.1557246923604,0.035101695221888655,565.1908263875823
352,560.0920300350177,5.098796352564591,565.1908263875823,1.2128151909892906,566.4036415785716
353,562.2614957055321,4.142145873039567,566.4036415785716,0.48867393567073286,566.8923155142423
354,563.7444385814701,3.147876932772192,566.8923155142423,0.8684738028324115,567.7607893170748
355,568.9118693249789,0.0,568.9118693249789,0.2640277071026273,569.1758970320815
356,569.3015837620474,0.0,569.3015837620474,1.7406382523629533,571.0422220144103
357,569.4676496683678,1.574572346042487,571.0422220144103,1.03628706739365,572.078509081804
358,569.6983305327185,2.3801785490854854,572.078509081804,2.8379079173819477,574.9164169991859
359,569.8166107506385,5.099806248547452,574.9164169991859,0.8511066996642088,575.7675236988501
360,570.6538996265339,5.11362407231627,575.7675236988501,0.9639461538000946,576.7314698526502
361,572.7916933237832,3.9397765288670143,576.7314698526502,1.7915124584147466,578.522982311065
362,574.0752732096408,4.447709101424152,578.522982311065,0.3754494209662984,578.8984317320313
363,575.5021483863497,3.3962833456815815,578.8984317320313,0.6103115104907509,579.5087432425221
364,577.2416783066416,2.267064935880512,579.5087432425221,0.07009141310388475,579.578834655626
365,578.1968188966507,1.3820157589752853,579.578834655626,1.8557185646010783,581.434553220227
366,578.2994479465657,3.1351052736613383,581.434553220227,1.9863494107756243,583.4209026310026
367,580.9981634337794,2.4227391972232226,583.4209026310026,0.21071428495054997,583.6316169159531
368,581.4386585664502,2.1929583495029874,583.6316169159531,0.9278135928151041,584.5594305087683
369,583.661185239125,0.8982452696433256,584.5594305087683,0.4988125773891204,585.0582430861574
370,592.4304516082537,0.0,592.4304516082537,1.8542322012274313,594.2846838094812
371,595.0954158529871,0.0,595.0954158529871,0.042906185487562414,595.1383220384747
372,596.4709371375321,0.0,596.4709371375321,1.8288537731902061,598.2997909107223
373,599.4317179063834,0.0,599.4317179063834,3.371546033851797,602.8032639402352
374,599.8739100197886,2.9293539204466015,602.8032639402352,0.17142946071457563,602.9746934009497
375,599.9175328579595,3.057160542990232,602.9746934009497,1.1150652427547096,604.0897586437044
376,600.1731167037976,3.9166419399067536,604.0897586437044,0.991554689517455,605.0813133332218
377,610.7809794329944,0.0,610.7809794329944,3.6697241846888264,614.4507036176832
378,615.8964348270049,0.0,615.8964348270049,1.1548361841976458,617.0512710112025
379,617.3336668527614,0.0,617.3336668527614,0.5114123042855341,617.8450791570469
380,621.6161016601949,0.0,621.6161016601949,0.0332308979624943,621.6493325581574
381,622.3962617223937,0.0,622.3962617223937,0.22881077555039014,622.6250724979441
382,622.7837646633236,0.0,622.7837646633236,1.7839632980347224,624.5677279613583
383,625.0600606700865,0.0,625.0600606700865,0.3755907072606093,625.4356513773471
384,625.7769429795345,0.0,625.7769429795345,0.7498236689144515,626.526766648449
385,626.149361604648,0.3774050438009908,626.526766648449,3.1302321478969883,629.656998796346
386,631.6941050293432,0.0,631.6941050293432,0.3643241300005922,632.0584291593437
387,631.8782329443987,0.18019621494499916,632.0584291593437,0.340912269314338,632.3993414286581
388,635.7615491154005,0.0,635.7615491154005,0.5557096123138169,636.3172587277143
389,636.0768291941655,0.24042953354876317,636.3172587277143,0.7936533030630496,637.1109120307773
390,636.3515332652199,0.7593787655573578,637.1109120307773,2.3595025898044706,639.4704146205818
391,641.3645899170216,0.0,641.3645899170216,0.4734549602612524,641.8380448772829
392,643.2783781037266,0.0,643.2783781037266,0.025263267280283087,643.3036413710068
393,645.1068503854219,0.0,645.1068503854219,0.1730885702720362,645.279938955694
394,645.7226715137375,0.0,645.7226715137375,2.021809091058765,647.7444806047963
395,646.5725160254038,1.1719645793924656,647.7444806047963,3.2760982960011167,651.0205789007974
396,652.4054978685994,0.0,652.4054978685994,1.252427210379607,653.6579250789789
397,653.8068961832553,0.0,653.8068961832553,0.42544143328021167,654.2323376165355
398,655.0349689140147,0.0,655.0349689140147,0.2319135695965348,655.2668824836112
399,657.6371219827233,0.0,657.6371219827233,1.2413708760678686,658.8784928587912
400,659.9737522842174,0.0,659.9737522842174,0.05221565695225291,660.0259679411697
401,661.0396222543084,0.0,661.0396222543084,0.027247448485609543,661.066869702794
402,662.2714461771309,0.0,662.2714461771309,2.3367964953122216,664.6082426724431
403,663.0355620847259,1.5726805877171728,664.6082426724431,0.8608286314985297,665.4690713039416
404,663.3148190856532,2.154252218288434,665.4690713039416,0.49456073633982905,665.9636320402815
405,667.5325240857728,0.0,667.5325240857728,1.4062870285033504,668.9388111142762
406,671.4300216062193,0.0,671.4300216062193,0.4120865375154765,671.8421081437348
407,671.5035316847052,0.3385764590295821,671.8421081437348,1.058244362583526,672.9003525063183
408,672.6180203243956,0.2823321819226976,672.9003525063183,0.9199724636574625,673.8203249699758
409,673.6160983770699,0.20422659290591128,673.8203249699758,0.7105921324887152,674.5309171024645
410,674.1844785429032,0.34643855956130665,674.5309171024645,1.1524516808044794,675.683368783269
411,674.8724276418864,0.8109411413826138,675.683368783269,0.01796557751923672,675.7013343607882
412,676.4377226079798,0.0,676.4377226079798,0.7070432067899466,677.1447658147698
413,677.0985199697986,0.04624584497116757,677.1447658147698,0.8732725414076147,678.0180383561774
414,679.1822660973786,0.0,679.1822660973786,2.110345489261685,681.2926115866403
415,680.1393768719447,1.1532347146956,681.2926115866403,1.9936131848631276,683.2862247715034
416,684.1003510698257,0.0,684.1003510698257,0.5341933747525184,684.6345444445782
417,685.3369852624804,0.0,685.3369852624804,0.572964217094092,685.9099494795745
418,685.7672158351523,0.14273364442215097,685.9099494795745,0.38566236266146103,686.295611842236
419,687.8303731613196,0.0,687.8303731613196,0.1599366072273147,687.9903097685469
420,689.6407319883501,0.0,689.6407319883501,0.2295840381749369,689.8703160265251
421,693.2049932139541,0.0,693.2049932139541,2.915665777093844,696.120658991048
422,693.431977741621,2.6886812494269634,696.120658991048,0.16852088191658576,696.2891798729646
423,701.1838169154988,0.0,701.1838169154988,0.31348760261509967,701.4973045181139
424,703.3744334065569,0.0,703.3744334065569,0.5670941358092033,703.9415275423661
425,704.5582341080867,0.0,704.5582341080867,0.3592938015226517,704.9175279096094
426,705.1407646481305,0.0,705.1407646481305,0.4438842667510373,705.5846489148815
427,705.3126996676943,0.2719492471871945,705.5846489148815,0.29218095587180987,705.8768298707533
428,707.4069634451737,0.0,707.4069634451737,0.5539352880642063,707.9608987332379
429,708.0324744655434,0.0,708.0324744655434,1.4863885847978253,709.5188630503412
430,708.783593838215,0.7352692121262407,709.5188630503412,1.0146919362917897,710.533554986633
431,708.9604482516341,1.5731067349988734,710.533554986633,3.732919561837686,714.2664745484707
432,709.1792252927919,5.087249255678785,714.2664745484707,0.24666835564031744,714.513142904111
433,709.9162957529213,4.59684715118965,714.513142904111,3.149976839971658,717.6631197440827
434,714.559593157434,3.103526586648627,717.6631197440827,3.0240337657249663,720.6871535098077
435,718.8740243960963,1.8131291137113976,720.6871535098077,2.6437779424880987,723.3309314522958
436,720.4866740124539,2.84425743984184,723.3309314522958,1.8500938090469294,725.1810252613427
437,723.3830272134105,1.7979980479321966,725.1810252613427,0.3005151765664005,725.4815404379091
438,723.683098824056,1.7984416138531287,725.4815404379091,0.5622274562615313,726.0437678941706
439,724.1461310833931,1.8976368107774988,726.0437678941706,0.6282649604887015,726.6720328546593
440,725.9183633921933,0.7536694624659503,726.6720328546593,0.8106915723507818,727.4827244270101
441,728.7351162039647,0.0,728.7351162039647,0.47639277027948984,729.2115089742442
442,728.9918899758349,0.2196189984093735,729.2115089742442,0.04776128433034174,729.2592702585746
443,730.0299930976607,0.0,730.0299930976607,1.4015456066030945,731.4315387042639
444,732.2320260431984,0.0,732.2320260431984,0.07099625464020809,732.3030222978387
445,732.82120188809,0.0,732.82120188809,1.8960328560896267,734.7172347441796
446,736.5901433764498,0.0,736.5901433764498,0.8188087051821441,737.4089520816319
447,737.006221061553,0.4027310200789316,737.4089520816319,0.06421326023790433,737.4731653418698
448,737.1738627799753,0.29930256189459215,737.4731653418698,1.1674043361928024,738.6405696780627
449,737.4037868905302,1.2367827875324338,738.6405696780627,0.08642950437283284,738.7269991824355
450,742.1345845516927,0.0,742.1345845516927,0.9595116100615589,743.0940961617542
451,742.5193796445403,0.5747165172139148,743.0940961617542,0.6119332454634541,743.7060294072177
452,743.6345096954758,0.0715197117418711,743.7060294072177,0.4598327710258752,744.1658621782435
453,744.9528652565542,0.0,744.9528652565542,1.8485102032225558,746.8013754597768
454,745.5940125486499,1.2073629111268929,746.8013754597768,0.05315849896413437,746.8545339587408
455,748.113223084596,0.0,748.113223084596,0.9133672279861266,749.0265903125821
456,748.9877656055859,0.038824706996251734,749.0265903125821,2.7938166166902207,751.8204069292724
457,749.1480504033921,2.672356525880332,751.8204069292724,0.3611953739976212,752.18160230327
458,751.0291167560532,1.15248554721677,752.18160230327,1.0482882636767108,753.2298905669467
459,756.7338380715818,0.0,756.7338380715818,1.0008114057881328,757.7346494773699
460,756.9313882996291,0.803261177740751,757.7346494773699,0.3520633214030114,758.0867127987729
461,759.767399936233,0.0,759.767399936233,0.5329193909337252,760.3003193271667
462,759.9726586469247,0.32766068024193373,760.3003193271667,0.32074406181688525,760.6210633889835
463,764.0306196906831,0.0,764.0306196906831,0.618931765395669,764.6495514560788
464,768.2216211510053,0.0,768.2216211510053,2.080099542827093,770.3017206938323
465,768.5035987568149,1.798121937017413,770.3017206938323,0.7438982671257754,771.0456189609581
466,770.6682250839863,0.377393876971837,771.0456189609581,0.03732211991752441,771.0829410808757
467,772.7908717722582,0.0,772.7908717722582,0.11306069230506581,772.9039324645634
468,776.2232999103614,0.0,776.2232999103614,2.100374690367555,778.323674600729
469,776.7958099402288,1.5278646605001995,778.323674600729,0.07533179385508988,778.399006394584
470,777.3729436313055,1.02606276327856,778.399006394584,1.3506854124531966,779.7496918070373
471,778.2102775894813,1.5394142175559864,779.7496918070373,1.0987677769726594,780.8484595840099
472,780.023343608722,0.8251159752878721,780.8484595840099,0.09960429870094735,780.9480638827108
473,781.8101954465903,0.0,781.8101954465903,1.1684912657250857,782.9786867123154
474,781.8465946606218,1.1320920516935757,782.9786867123154,0.09636191558172448,783.0750486278971
475,787.8416900816977,0.0,787.8416900816977,0.2786274032358757,788.1203174849336
476,789.5270458854093,0.0,789.5270458854093,0.17317878866752506,789.7002246740768
477,790.6953985359801,0.0,790.6953985359801,0.595863022757654,791.2912615587377
478,790.8259319415517,0.4653296171859438,791.2912615587377,0.03976812779844661,791.3310296865361
479,795.360667174625,0.0,795.360667174625,1.274939002577025,796.635606177202
480,796.3413871082978,0.29421906890422633,796.635606177202,0.0016532343095281357,796.6372594115115
481,796.5367573618857,0.10050204962578846,796.6372594115115,0.4445622224772199,797.0818216339887
482,798.9286490904082,0.0,798.9286490904082,0.9697978361566522,799.8984469265648
483,800.4202992505063,0.0,800.4202992505063,2.0960992306877277,802.5163984811941
484,802.1871115429708,0.3292869382232766,802.5163984811941,0.6364398864342137,803.1528383676283
485,803.0357026806082,0.11713568702009525,803.1528383676283,2.093756723118253,805.2465950907466
486,803.3986331606162,1.8479619301303956,805.2465950907466,0.4543575152717706,805.7009526060184
487,805.7683164340967,0.0,805.7683164340967,0.2989237227209023,806.0672401568177
488,807.4147274354419,0.0,807.4147274354419,0.22077130720459637,807.6354987426465
489,807.7965355033086,0.0,807.7965355033086,2.3281302348037074,810.1246657381123
490,807.8927540689289,2.2319116691834324,810.1246657381123,0.6327160648994964,810.7573818030118
491,809.9971607620265,0.7602210409852432,810.7573818030118,0.9882552327178777,811.7456370357296
492,814.9194787354896,0.0,814.9194787354896,5.069317043614227,819.9887957791038
493,818.0839412075471,1.9048545715567116,819.9887957791038,0.3090714804221577,820.297867259526
494,818.3207405713167,1.977126688209296,820.297867259526,0.6902023981074665,820.9880696576334
495,818.5122571734155,2.475812484217954,820.9880696576334,0.473490783829425,821.4615604414629
496,821.646220413053,0.0,821.646220413053,0.4342637739630236,822.080484187016
497,822.1056368380088,0.0,822.1056368380088,1.4067171265438967,823.5123539645526
498,823.5000752047835,0.01227875976917403,823.5123539645526,0.8441925288330505,824.3565464933857
499,824.3725255833269,0.0,824.3725255833269,1.2374716268193078,825.6099972101463
500,825.8894566345847,0.0,825.8894566345847,3.0940599314250172,828.9835165660097
501,826.9137980690365,2.0697184969732234,828.9835165660097,0.285714790503621,829.2692313565134
502,827.3527446053088,1.9164867512046158,829.2692313565134,2.2067127949846137,831.475944151498
503,828.2235837779658,3.252360373532156,831.475944151498,0.6778608972725914,832.1538050487706
504,833.7762578602716,0.0,833.7762578602716,0.3838428030176468,834.1601006632892
505,837.2070181813647,0.0,837.2070181813647,3.1715954679602367,840.378613649325
506,840.389528961571,0.0,840.389528961571,0.08064210175403681,840.4701710633251
507,841.2698846872921,0.0,841.2698846872921,0.8938315563572188,842.1637162436493
508,843.4557898409995,0.0,843.4557898409995,0.024558507720336346,843.4803483487199
509,845.2953466052033,0.0,845.2953466052033,0.13274518994567083,845.428091795149
510,846.7130890427587,0.0,846.7130890427587,0.4874838840709952,847.2005729268298
511,847.397370229968,0.0,847.397370229968,0.147957124800663,847.5453273547687
512,851.3806192190182,0.0,851.3806192190182,0.038408847439602975,851.4190280664578
513,852.3613224772675,0.0,852.3613224772675,0.610745448639488,852.972067925907
514,852.4852185486427,0.48684937726432054,852.972067925907,2.31981620131106,855.291884127218
515,852.5496198346913,2.7422642925267837,855.291884127218,0.7195328564951731,856.0114169837133
516,853.1783785130734,2.833038470639849,856.0114169837133,1.3849318212472492,857.3963488049606
517,854.3388383717909,3.057510433169682,857.3963488049606,0.7096159462988785,858.1059647512594
518,856.8560111936238,1.2499535576356493,858.1059647512594,1.9779703579339958,860.0839351091934
519,857.5343903977679,2.549544711425483,860.0839351091934,2.931732838126198,863.0156679473196
520,861.3823329397342,1.6333350075854014,863.0156679473196,1.3843440601766375,864.4000120074962
521,861.6087879809581,2.7912240265380888,864.4000120074962,0.18333278415024415,864.5833447916465
522,862.3302945508162,2.253050240830248,864.5833447916465,0.5865151126393435,865.1698599042858
523,863.3696616865072,1.8001982177785294,865.1698599042858,0.2457962984748591,865.4156562027606
524,869.6591502641496,0.0,869.6591502641496,1.187858272372063,870.8470085365217
525,869.6829478445943,1.164060691927375,870.8470085365217,1.0482207851430776,871.8952293216647
526,869.8402598900406,2.0549694316241585,871.8952293216647,0.6358784175558955,872.5311077392206
527,871.8239819772157,0.7071257620049209,872.5311077392206,1.366866560257741,873.8979742994784
528,872.1487342220152,1.7492400774632415,873.8979742994784,1.08389404806964,874.981868347548
529,872.3098742086254,2.671994138922628,874.981868347548,0.21894475826429344,875.2008131058124
530,876.6410843782284,0.0,876.6410843782284,0.27883447115827426,876.9199188493866
531,878.2145058399806,0.0,878.2145058399806,5.047955290652836,883.2624611306334
532,879.0644210451366,4.198040085496814,883.2624611306334,0.01770537902783437,883.2801665096612
533,879.8220719313949,3.458094578266241,883.2801665096612,1.1727156885255965,884.4528821981868
534,880.3981713546219,4.054710843564862,884.4528821981868,3.472433231650397,887.9253154298372
535,883.1178886518921,4.807426777945011,887.9253154298372,0.8922921407491187,888.8176075705862
536,884.2914546662935,4.526152904292758,888.8176075705862,0.5966453762844788,889.4142529468708
537,886.485416053832,2.928836893038806,889.4142529468708,1.3817715461543412,890.7960244930251
538,887.6486941703469,3.147330322678272,890.7960244930251,0.8633297334616462,891.6593542264868
539,887.8705059441791,3.788848282307754,891.6593542264868,0.08273175305437748,891.7420859795412
540,889.8853019018833,1.8567840776579487,891.7420859795412,0.7942002548739369,892.5362862344151
541,890.5299107291924,2.0063755052227634,892.5362862344151,0.4967511188046474,893.0330373532198
542,894.4199571801513,0.0,894.4199571801513,0.9920714417509413,895.4120286219022
543,894.8389558405477,0.57307278135454,895.4120286219022,0.36537777355196605,895.7774063954541
544,898.7645687073807,0.0,898.7645687073807,0.05948419245787438,898.8240528998385
545,899.4455725551861,0.0,899.4455725551861,1.9244816040712314,901.3700541592574
546,902.2677418293846,0.0,902.2677418293846,1.9393063585188737,904.2070481879034
547,905.210163984824,0.0,905.210163984824,3.0910829980665464,908.3012469828906
548,906.3044825673807,1.9967644155099151,908.3012469828906,0.7811929532025115,909.0824399360931
549,907.6736512028112,1.408788733281881,909.0824399360931,0.09953609400263744,909.1819760300957
550,907.7945329205381,1.38744310955758,909.1819760300957,0.5163823740882456,909.698358404184
551,908.4668097321933,1.2315486719907085,909.698358404184,0.0684778309211836,909.7668362351052
552,908.7660119347024,1.000824300402769,909.7668362351052,0.41953843082805353,910.1863746659333
553,910.8457214681306,0.0,910.8457214681306,1.728948819486426,912.574670287617
554,912.9918539047172,0.0,912.9918539047172,0.02147480746702579,913.0133287121843
555,915.6317515182893,0.0,915.6317515182893,0.8728399934213908,916.5045915117107
556,915.6744837465665,0.8301077651442483,916.5045915117107,0.2723266903340716,916.7769182020448
557,916.8081451218799,0.0,916.8081451218799,1.42997613659139,918.2381212584712
558,917.6145628011411,0.6235584573300912,918.2381212584712,0.12975084346269625,918.3678721019339
559,918.616222497646,0.0,918.616222497646,0.020762627446677055,918.6369851250927
560,918.6641620523353,0.0,918.6641620523353,0.5146477265615789,919.178809778897
561,920.2737670257441,0.0,920.2737670257441,0.631871224837531,920.9056382505815
562,920.340022192185,0.5656160583965857,920.9056382505815,4.1033231132395676,925.0089613638211
563,925.193273821092,0.0,925.193273821092,0.15799648404676356,925.3512703051388
564,926.0784498117314,0.0,926.0784498117314,0.5611933585471245,926.6396431702785
565,931.3300035396715,0.0,931.3300035396715,3.0903256127421637,934.4203291524136
566,933.363563854863,1.056765297550669,934.4203291524136,5.067460405709002,939.4877895581226
567,934.9529904870094,4.534799071113184,939.4877895581226,2.2695358673122192,941.7573254254348
568,935.6252346189567,6.132090806478118,941.7573254254348,0.06445403174230976,941.8217794571772
569,935.9525570919627,5.869222365214455,941.8217794571772,0.8419376878965491,942.6637171450737
570,936.5147850515352,6.148932093538519,942.6637171450737,1.5194109453570277,944.1831280904307
571,937.7444663876593,6.438661702771469,944.1831280904307,0.24981386902361954,944.4329419594543
572,939.3134995222767,5.119442437177554,944.4329419594543,1.1630146804251635,945.5959566398794
573,941.6071052500148,3.988851389864635,945.5959566398794,0.7131254376267078,946.3090820775061
574,943.7356481575296,2.5734339199765373,946.3090820775061,0.3161947153388519,946.6252767928449
575,953.4545075448108,0.0,953.4545075448108,1.309304286768299,954.7638118315791
576,958.3001366403497,0.0,958.3001366403497,1.5471810343980155,959.8473176747477
577,960.0568383894043,0.0,960.0568383894043,1.0358391152214617,961.0926775046258
578,960.7577341784378,0.33494332618806766,961.0926775046258,0.23909771272523045,961.331775217351
579,963.9336512532825,0.0,963.9336512532825,1.6547259109492665,965.5883771642318
580,963.9650475523669,1.6233296118649605,965.5883771642318,1.473371926093013,967.0617490903248
581,963.9843366007696,3.077412489555286,967.0617490903248,0.08184294960704641,967.1435920399318
582,964.3522191356536,2.791372904278205,967.1435920399318,0.5093199707905627,967.6529120107224
583,964.5915295731619,3.0613824375604963,967.6529120107224,0.05014833348399452,967.7030603442064
584,964.6980831925899,3.0049771516164583,967.7030603442064,0.3809408093903199,968.0840011535967
585,966.0438849734288,2.0401161801678427,968.0840011535967,0.15243456826102655,968.2364357218577
586,969.6195172269647,0.0,969.6195172269647,1.0783405627841842,970.6978577897489
587,970.6292031486862,0.06865464106272157,970.6978577897489,1.3299435866020701,972.027801376351
588,972.240573548166,0.0,972.240573548166,1.4455948830961267,973.6861684312621
589,974.0321097096106,0.0,974.0321097096106,0.5521377396286433,974.5842474492392
590,975.7093037002873,0.0,975.7093037002873,0.3357346869922088,976.0450383872794
591,979.9518742409145,0.0,979.9518742409145,0.2289388275789982,980.1808130684935
592,980.56479802195,0.0,980.56479802195,0.3987974052997006,980.9635954272496
593,981.9198701448238,0.0,981.9198701448238,0.09583631044432245,982.0157064552681
594,982.0656782920695,0.0,982.0656782920695,2.073680336314569,984.1393586283841
595,983.2748184984613,0.8645401299228297,984.1393586283841,3.8432053003109834,987.9825639286951
596,986.1439503869635,1.8386135417315472,987.9825639286951,0.26571414521324527,988.2482780739083
597,989.8119250658764,0.0,989.8119250658764,0.6963234333880995,990.5082484992645
598,990.0377800146265,0.4704684846379905,990.5082484992645,1.2299713948257773,991.7382198940902
599,990.6159288375608,1.1222910565294342,991.7382198940902,4.294944207270313,996.0331641013605
600,991.2065327446597,4.826631356700773,996.0331641013605,1.1572851537046076,997.1904492550651
601,991.7663081066665,5.424141148398576,997.1904492550651,0.6746515492971517,997.8651008043622
602,996.6630659475984,1.2020348567638166,997.8651008043622,1.3401102492131574,999.2052110535753
603,997.8161371942327,1.3890738593426022,999.2052110535753,0.19321756749915686,999.3984286210745
604,998.464878219262,0.9335504018124539,999.3984286210745,0.962456274011517,1000.360884895086
605,1002.3810751722706,0.0,1002.3810751722706,0.9157530140880638,1003.2968281863587
